filename,object_location,image_small,image_thumb
210a.jpg,/objects/210a.jpg,/objects/small/210a_sm.jpg,/objects/thumbs/210a_th.jpg
210b.jpg,/objects/210b.jpg,/objects/small/210b_sm.jpg,/objects/thumbs/210b_th.jpg
Banner.jpg,/objects/Banner.jpg,/objects/small/banner_sm.jpg,/objects/thumbs/banner_th.jpg
demo_001.jpg,/objects/demo_001.jpg,/objects/small/demo_001_sm.jpg,/objects/thumbs/demo_001_th.jpg
demo_002.pdf,/objects/demo_002.pdf,/objects/small/demo_002_sm.jpg,/objects/thumbs/demo_002_th.jpg
demo_003.mp3,/objects/demo_003.mp3,,
demo_004.jpg,/objects/demo_004.jpg,/objects/small/demo_004_sm.jpg,/objects/thumbs/demo_004_th.jpg
demo_005.txt,/objects/demo_005.txt,,
demo_012.md,/objects/demo_012.md,,
hells_half_theta.jpg,/objects/hells_half_theta.jpg,/objects/small/hells_half_theta_sm.jpg,/objects/thumbs/hells_half_theta_th.jpg
hughes_article.png,/objects/hughes_article.png,/objects/small/hughes_article_sm.jpg,/objects/thumbs/hughes_article_th.jpg
street_art_photo_001.jpeg,/objects/street_art_photo_001.jpeg,/objects/small/street_art_photo_001_sm.jpg,/objects/thumbs/street_art_photo_001_th.jpg
street_art_photo_002.jpeg,/objects/street_art_photo_002.jpeg,/objects/small/street_art_photo_002_sm.jpg,/objects/thumbs/street_art_photo_002_th.jpg
street_art_photo_003.jpeg,/objects/street_art_photo_003.jpeg,/objects/small/street_art_photo_003_sm.jpg,/objects/thumbs/street_art_photo_003_th.jpg
street_art_photo_004.jpeg,/objects/street_art_photo_004.jpeg,/objects/small/street_art_photo_004_sm.jpg,/objects/thumbs/street_art_photo_004_th.jpg
street_art_photo_005.jpeg,/objects/street_art_photo_005.jpeg,/objects/small/street_art_photo_005_sm.jpg,/objects/thumbs/street_art_photo_005_th.jpg
street_art_photo_006.jpg,/objects/street_art_photo_006.jpg,/objects/small/street_art_photo_006_sm.jpg,/objects/thumbs/street_art_photo_006_th.jpg
street_art_photo_007.jpg,/objects/street_art_photo_007.jpg,/objects/small/street_art_photo_007_sm.jpg,/objects/thumbs/street_art_photo_007_th.jpg
street_art_photo_008.jpg,/objects/street_art_photo_008.jpg,/objects/small/street_art_photo_008_sm.jpg,/objects/thumbs/street_art_photo_008_th.jpg
street_art_photo_009.jpg,/objects/street_art_photo_009.jpg,/objects/small/street_art_photo_009_sm.jpg,/objects/thumbs/street_art_photo_009_th.jpg
street_art_photo_01.jpeg,/objects/street_art_photo_01.jpeg,/objects/small/street_art_photo_01_sm.jpg,/objects/thumbs/street_art_photo_01_th.jpg
street_art_photo_010.jpg,/objects/street_art_photo_010.jpg,/objects/small/street_art_photo_010_sm.jpg,/objects/thumbs/street_art_photo_010_th.jpg
street_art_photo_011.jpeg,/objects/street_art_photo_011.jpeg,/objects/small/street_art_photo_011_sm.jpg,/objects/thumbs/street_art_photo_011_th.jpg
street_art_photo_012.jpg,/objects/street_art_photo_012.jpg,/objects/small/street_art_photo_012_sm.jpg,/objects/thumbs/street_art_photo_012_th.jpg
street_art_photo_013.jpg,/objects/street_art_photo_013.jpg,/objects/small/street_art_photo_013_sm.jpg,/objects/thumbs/street_art_photo_013_th.jpg
street_art_photo_014.jpg,/objects/street_art_photo_014.jpg,/objects/small/street_art_photo_014_sm.jpg,/objects/thumbs/street_art_photo_014_th.jpg
street_art_photo_015.jpg,/objects/street_art_photo_015.jpg,/objects/small/street_art_photo_015_sm.jpg,/objects/thumbs/street_art_photo_015_th.jpg
street_art_photo_016.jpg,/objects/street_art_photo_016.jpg,/objects/small/street_art_photo_016_sm.jpg,/objects/thumbs/street_art_photo_016_th.jpg
street_art_photo_017.jpg,/objects/street_art_photo_017.jpg,/objects/small/street_art_photo_017_sm.jpg,/objects/thumbs/street_art_photo_017_th.jpg
street_art_photo_018.jpg,/objects/street_art_photo_018.jpg,/objects/small/street_art_photo_018_sm.jpg,/objects/thumbs/street_art_photo_018_th.jpg
street_art_photo_019.jpg,/objects/street_art_photo_019.jpg,/objects/small/street_art_photo_019_sm.jpg,/objects/thumbs/street_art_photo_019_th.jpg
street_art_photo_02.jpeg,/objects/street_art_photo_02.jpeg,/objects/small/street_art_photo_02_sm.jpg,/objects/thumbs/street_art_photo_02_th.jpg
street_art_photo_020.jpg,/objects/street_art_photo_020.jpg,/objects/small/street_art_photo_020_sm.jpg,/objects/thumbs/street_art_photo_020_th.jpg
street_art_photo_021.jpg,/objects/street_art_photo_021.jpg,/objects/small/street_art_photo_021_sm.jpg,/objects/thumbs/street_art_photo_021_th.jpg
street_art_photo_022.jpeg,/objects/street_art_photo_022.jpeg,/objects/small/street_art_photo_022_sm.jpg,/objects/thumbs/street_art_photo_022_th.jpg
street_art_photo_023.jpeg,/objects/street_art_photo_023.jpeg,/objects/small/street_art_photo_023_sm.jpg,/objects/thumbs/street_art_photo_023_th.jpg
street_art_photo_024.jpeg,/objects/street_art_photo_024.jpeg,/objects/small/street_art_photo_024_sm.jpg,/objects/thumbs/street_art_photo_024_th.jpg
street_art_photo_025.jpeg,/objects/street_art_photo_025.jpeg,/objects/small/street_art_photo_025_sm.jpg,/objects/thumbs/street_art_photo_025_th.jpg
street_art_photo_026.jpeg,/objects/street_art_photo_026.jpeg,/objects/small/street_art_photo_026_sm.jpg,/objects/thumbs/street_art_photo_026_th.jpg
street_art_photo_027.jpeg,/objects/street_art_photo_027.jpeg,/objects/small/street_art_photo_027_sm.jpg,/objects/thumbs/street_art_photo_027_th.jpg
street_art_photo_028.jpeg,/objects/street_art_photo_028.jpeg,/objects/small/street_art_photo_028_sm.jpg,/objects/thumbs/street_art_photo_028_th.jpg
street_art_photo_029.jpeg,/objects/street_art_photo_029.jpeg,/objects/small/street_art_photo_029_sm.jpg,/objects/thumbs/street_art_photo_029_th.jpg
street_art_photo_03.jpeg,/objects/street_art_photo_03.jpeg,/objects/small/street_art_photo_03_sm.jpg,/objects/thumbs/street_art_photo_03_th.jpg
street_art_photo_030.jpg,/objects/street_art_photo_030.jpg,/objects/small/street_art_photo_030_sm.jpg,/objects/thumbs/street_art_photo_030_th.jpg
street_art_photo_031.jpg,/objects/street_art_photo_031.jpg,/objects/small/street_art_photo_031_sm.jpg,/objects/thumbs/street_art_photo_031_th.jpg
street_art_photo_032.jpg,/objects/street_art_photo_032.jpg,/objects/small/street_art_photo_032_sm.jpg,/objects/thumbs/street_art_photo_032_th.jpg
street_art_photo_033.jpg,/objects/street_art_photo_033.jpg,/objects/small/street_art_photo_033_sm.jpg,/objects/thumbs/street_art_photo_033_th.jpg
street_art_photo_034.jpg,/objects/street_art_photo_034.jpg,/objects/small/street_art_photo_034_sm.jpg,/objects/thumbs/street_art_photo_034_th.jpg
street_art_photo_035.jpg,/objects/street_art_photo_035.jpg,/objects/small/street_art_photo_035_sm.jpg,/objects/thumbs/street_art_photo_035_th.jpg
street_art_photo_036.jpg,/objects/street_art_photo_036.jpg,/objects/small/street_art_photo_036_sm.jpg,/objects/thumbs/street_art_photo_036_th.jpg
street_art_photo_037.2.jpg,/objects/street_art_photo_037.2.jpg,/objects/small/street_art_photo_037.2_sm.jpg,/objects/thumbs/street_art_photo_037.2_th.jpg
street_art_photo_037.jpg,/objects/street_art_photo_037.jpg,/objects/small/street_art_photo_037_sm.jpg,/objects/thumbs/street_art_photo_037_th.jpg
street_art_photo_038.jpg,/objects/street_art_photo_038.jpg,/objects/small/street_art_photo_038_sm.jpg,/objects/thumbs/street_art_photo_038_th.jpg
street_art_photo_039.jpg,/objects/street_art_photo_039.jpg,/objects/small/street_art_photo_039_sm.jpg,/objects/thumbs/street_art_photo_039_th.jpg
street_art_photo_040.jpg,/objects/street_art_photo_040.jpg,/objects/small/street_art_photo_040_sm.jpg,/objects/thumbs/street_art_photo_040_th.jpg
street_art_photo_041.jpg,/objects/street_art_photo_041.jpg,/objects/small/street_art_photo_041_sm.jpg,/objects/thumbs/street_art_photo_041_th.jpg
street_art_photo_042.jpg,/objects/street_art_photo_042.jpg,/objects/small/street_art_photo_042_sm.jpg,/objects/thumbs/street_art_photo_042_th.jpg
street_art_photo_043.jpg,/objects/street_art_photo_043.jpg,/objects/small/street_art_photo_043_sm.jpg,/objects/thumbs/street_art_photo_043_th.jpg
street_art_photo_044.jpg,/objects/street_art_photo_044.jpg,/objects/small/street_art_photo_044_sm.jpg,/objects/thumbs/street_art_photo_044_th.jpg
street_art_photo_045.jpg,/objects/street_art_photo_045.jpg,/objects/small/street_art_photo_045_sm.jpg,/objects/thumbs/street_art_photo_045_th.jpg
street_art_photo_046.jpg,/objects/street_art_photo_046.jpg,/objects/small/street_art_photo_046_sm.jpg,/objects/thumbs/street_art_photo_046_th.jpg
street_art_photo_047.jpg,/objects/street_art_photo_047.jpg,/objects/small/street_art_photo_047_sm.jpg,/objects/thumbs/street_art_photo_047_th.jpg
street_art_photo_048.jpg,/objects/street_art_photo_048.jpg,/objects/small/street_art_photo_048_sm.jpg,/objects/thumbs/street_art_photo_048_th.jpg
street_art_photo_049.jpg,/objects/street_art_photo_049.jpg,/objects/small/street_art_photo_049_sm.jpg,/objects/thumbs/street_art_photo_049_th.jpg
street_art_photo_050.jpg,/objects/street_art_photo_050.jpg,/objects/small/street_art_photo_050_sm.jpg,/objects/thumbs/street_art_photo_050_th.jpg
street_art_photo_051.jpg,/objects/street_art_photo_051.jpg,/objects/small/street_art_photo_051_sm.jpg,/objects/thumbs/street_art_photo_051_th.jpg
street_art_photo_052.jpg,/objects/street_art_photo_052.jpg,/objects/small/street_art_photo_052_sm.jpg,/objects/thumbs/street_art_photo_052_th.jpg
street_art_photo_053.jpg,/objects/street_art_photo_053.jpg,/objects/small/street_art_photo_053_sm.jpg,/objects/thumbs/street_art_photo_053_th.jpg
street_art_photo_054.jpg,/objects/street_art_photo_054.jpg,/objects/small/street_art_photo_054_sm.jpg,/objects/thumbs/street_art_photo_054_th.jpg
street_art_photo_055.jpg,/objects/street_art_photo_055.jpg,/objects/small/street_art_photo_055_sm.jpg,/objects/thumbs/street_art_photo_055_th.jpg
street_art_photo_056.jpg,/objects/street_art_photo_056.jpg,/objects/small/street_art_photo_056_sm.jpg,/objects/thumbs/street_art_photo_056_th.jpg
street_art_photo_057.jpg,/objects/street_art_photo_057.jpg,/objects/small/street_art_photo_057_sm.jpg,/objects/thumbs/street_art_photo_057_th.jpg
street_art_photo_058.jpg,/objects/street_art_photo_058.jpg,/objects/small/street_art_photo_058_sm.jpg,/objects/thumbs/street_art_photo_058_th.jpg
street_art_photo_059.jpg,/objects/street_art_photo_059.jpg,/objects/small/street_art_photo_059_sm.jpg,/objects/thumbs/street_art_photo_059_th.jpg
street_art_photo_060.jpg,/objects/street_art_photo_060.jpg,/objects/small/street_art_photo_060_sm.jpg,/objects/thumbs/street_art_photo_060_th.jpg
street_art_photo_061.jpg,/objects/street_art_photo_061.jpg,/objects/small/street_art_photo_061_sm.jpg,/objects/thumbs/street_art_photo_061_th.jpg
street_art_photo_062.jpg,/objects/street_art_photo_062.jpg,/objects/small/street_art_photo_062_sm.jpg,/objects/thumbs/street_art_photo_062_th.jpg
street_art_photo_063.jpg,/objects/street_art_photo_063.jpg,/objects/small/street_art_photo_063_sm.jpg,/objects/thumbs/street_art_photo_063_th.jpg
street_art_photo_064.jpg,/objects/street_art_photo_064.jpg,/objects/small/street_art_photo_064_sm.jpg,/objects/thumbs/street_art_photo_064_th.jpg
street_art_photo_065.jpg,/objects/street_art_photo_065.jpg,/objects/small/street_art_photo_065_sm.jpg,/objects/thumbs/street_art_photo_065_th.jpg
street_art_photo_066.jpg,/objects/street_art_photo_066.jpg,/objects/small/street_art_photo_066_sm.jpg,/objects/thumbs/street_art_photo_066_th.jpg
street_art_photo_067.jpg,/objects/street_art_photo_067.jpg,/objects/small/street_art_photo_067_sm.jpg,/objects/thumbs/street_art_photo_067_th.jpg
street_art_photo_068.jpg,/objects/street_art_photo_068.jpg,/objects/small/street_art_photo_068_sm.jpg,/objects/thumbs/street_art_photo_068_th.jpg
